Metro Station,Rides Started,Rides Ended,Rides Started & Ended,Unique Users,New Users,Total Duration (min),Avg Duration (min),Month
Al Ahram,787,726,114,525,85,7729,9.820838627700127,Oct-25
Alf Maskan,389,394,44,263,33,3612,9.2853470437018,Oct-25
Haroun,680,698,107,413,47,6269,9.219117647058823,Oct-25
Heliopolis,634,573,51,423,43,5263,8.301261829652997,Oct-25
Koleyat El Banat,573,589,227,302,40,5406,9.434554973821989,Oct-25
